Name,Age,Salary,Department,Bonus
Eve,21,12345,HR,1234.5
charlie,44,22222,IT,2222.2000000000003
Bob,32,23000,Finance,2300.0
Alice,27,40000,HR,4000.0
Diana,53,44444,Marketing,4444.400000000001
